style,item,price
casual,denim jacket,224
boho,beaded necklace,174
casual,sneakers,254
minimalist,white sneakers,229
minimalist,black raincoat,26
casual,chino pants,212
casual,chino pants,116
boho,patterned poncho,140
sporty,sports jacket,167
sporty,sports cap,189
casual,denim jacket,34
sporty,sports cap,282
minimalist,gray t-shirt,252
minimalist,simple jeans,196
sporty,sports cap,211
minimalist,simple jeans,278
boho,fringe bag,231
boho,maxi dress,137
minimalist,monochrome scarf,155
boho,fringe bag,107
casual,denim jacket,50
casual,chino pants,142
sporty,running shoes,235
minimalist,monochrome scarf,131
sporty,running shoes,80
formal,leather shoes,172
boho,maxi dress,118
minimalist,monochrome scarf,271
sporty,sweat-wicking t-shirt,194
casual,denim jacket,132
casual,chino pants,147
minimalist,gray t-shirt,74
casual,chino pants,289
formal,tailored suit,42
sporty,sports jacket,30
minimalist,white sneakers,66
minimalist,simple jeans,119
minimalist,gray t-shirt,243
sporty,running shoes,78
minimalist,black raincoat,46
formal,dress shirt,87
casual,denim jacket,119
casual,chino pants,133
boho,patterned poncho,49
sporty,sports cap,203
formal,leather shoes,189
casual,hoodie,292
boho,embroidered blouse,262
minimalist,gray t-shirt,79
boho,beaded necklace,78
sporty,sports cap,44
boho,beaded necklace,278
sporty,sports cap,89
minimalist,white sneakers,160
minimalist,white sneakers,283
casual,hoodie,278
minimalist,simple jeans,235
minimalist,white sneakers,287
boho,maxi dress,119
minimalist,simple jeans,25
sporty,sweat-wicking t-shirt,38
sporty,running shoes,110
boho,patterned poncho,149
casual,graphic tee,214
sporty,sports cap,220
sporty,running shoes,149
minimalist,simple jeans,236
boho,patterned poncho,97
formal,dress shirt,173
sporty,sweat-wicking t-shirt,42
formal,tailored suit,45
formal,dress shirt,46
sporty,athletic shorts,48
minimalist,black raincoat,216
casual,graphic tee,244
casual,denim jacket,291
sporty,sports cap,277
casual,graphic tee,293
minimalist,black raincoat,29
boho,embroidered blouse,181
boho,fringe bag,110
minimalist,monochrome scarf,109
sporty,sweat-wicking t-shirt,153
minimalist,simple jeans,239
formal,dress shirt,29
casual,hoodie,224
boho,embroidered blouse,186
boho,patterned poncho,95
sporty,sweat-wicking t-shirt,108
sporty,sports jacket,283
sporty,sports cap,193
boho,patterned poncho,226
sporty,sports jacket,99
formal,dress shirt,296
minimalist,monochrome scarf,281
sporty,sweat-wicking t-shirt,144
formal,dress shirt,52
minimalist,white sneakers,250
formal,leather shoes,80
minimalist,black raincoat,90
casual,sneakers,123
casual,sneakers,75
formal,dress shirt,166
sporty,sports cap,31
formal,silk tie,45
formal,dress shirt,161
sporty,athletic shorts,218
sporty,sweat-wicking t-shirt,54
casual,hoodie,81
casual,sneakers,28
boho,embroidered blouse,218
boho,embroidered blouse,163
boho,embroidered blouse,261
formal,leather shoes,124
casual,graphic tee,230
boho,beaded necklace,293
casual,graphic tee,176
sporty,athletic shorts,58
casual,denim jacket,227
boho,fringe bag,151
casual,graphic tee,87
boho,fringe bag,53
minimalist,simple jeans,286
boho,beaded necklace,227
boho,patterned poncho,281
sporty,sports cap,263
casual,denim jacket,42
casual,graphic tee,130
minimalist,simple jeans,166
formal,leather shoes,172
sporty,sports jacket,221
sporty,sports cap,15
casual,denim jacket,34
minimalist,monochrome scarf,82
sporty,sports cap,169
sporty,sports jacket,137
boho,patterned poncho,182
casual,chino pants,52
casual,graphic tee,290
minimalist,simple jeans,284
casual,chino pants,67
minimalist,white sneakers,118
minimalist,black raincoat,192
minimalist,gray t-shirt,184
minimalist,monochrome scarf,157
minimalist,simple jeans,169
sporty,sports jacket,162
formal,dress shirt,232
formal,silk tie,85
sporty,sweat-wicking t-shirt,87
minimalist,gray t-shirt,253
sporty,sports cap,156
minimalist,simple jeans,175
formal,tailored suit,227
boho,embroidered blouse,180
minimalist,gray t-shirt,188
boho,beaded necklace,141
formal,leather shoes,34
formal,tailored suit,191
minimalist,simple jeans,199
formal,blazer,78
boho,fringe bag,282
casual,hoodie,30
sporty,athletic shorts,72
casual,denim jacket,115
formal,leather shoes,132
formal,tailored suit,68
sporty,athletic shorts,157
formal,tailored suit,114
formal,dress shirt,197
boho,beaded necklace,180
minimalist,gray t-shirt,137
formal,dress shirt,16
boho,patterned poncho,248
minimalist,black raincoat,264
boho,patterned poncho,245
boho,patterned poncho,229
boho,patterned poncho,82
formal,silk tie,230
casual,graphic tee,36
formal,tailored suit,48
minimalist,black raincoat,281
casual,graphic tee,225
boho,embroidered blouse,41
minimalist,white sneakers,211
boho,embroidered blouse,249
sporty,athletic shorts,134
formal,silk tie,168
formal,dress shirt,96
boho,maxi dress,76
casual,graphic tee,95
casual,sneakers,30
formal,blazer,239
minimalist,simple jeans,127
sporty,running shoes,217
casual,graphic tee,220
casual,chino pants,142
formal,silk tie,23
casual,sneakers,193
casual,graphic tee,208
formal,tailored suit,21
casual,denim jacket,75
casual,denim jacket,295
casual,chino pants,259
sporty,sports jacket,108
boho,embroidered blouse,149
formal,leather shoes,81
casual,graphic tee,119
boho,fringe bag,145
sporty,athletic shorts,134
sporty,running shoes,260
formal,tailored suit,140
boho,embroidered blouse,85
sporty,sweat-wicking t-shirt,39
minimalist,monochrome scarf,78
boho,fringe bag,189
minimalist,monochrome scarf,43
casual,sneakers,172
formal,dress shirt,115
casual,sneakers,133
minimalist,simple jeans,266
minimalist,monochrome scarf,23
minimalist,black raincoat,214
minimalist,white sneakers,69
boho,patterned poncho,26
casual,graphic tee,38
sporty,athletic shorts,215
formal,blazer,222
sporty,running shoes,116
minimalist,gray t-shirt,21
minimalist,black raincoat,126
minimalist,white sneakers,101
formal,leather shoes,79
casual,hoodie,87
boho,maxi dress,259
minimalist,gray t-shirt,203
minimalist,simple jeans,95
boho,maxi dress,185
casual,hoodie,67
minimalist,monochrome scarf,77
sporty,sports jacket,155
sporty,sweat-wicking t-shirt,66
boho,beaded necklace,216
sporty,running shoes,184
boho,fringe bag,264
casual,graphic tee,178
sporty,sports jacket,129
sporty,sports jacket,149
sporty,sports cap,267
casual,graphic tee,286
boho,beaded necklace,143
boho,fringe bag,262
minimalist,white sneakers,270
sporty,sweat-wicking t-shirt,12
minimalist,monochrome scarf,297
minimalist,simple jeans,262
casual,chino pants,165
boho,embroidered blouse,187
casual,graphic tee,69
formal,dress shirt,28
boho,maxi dress,267
minimalist,white sneakers,54
formal,leather shoes,162
casual,denim jacket,10
formal,tailored suit,186
minimalist,black raincoat,66
formal,silk tie,62
casual,chino pants,211
minimalist,gray t-shirt,278
formal,leather shoes,211
boho,fringe bag,50
casual,graphic tee,78
sporty,sports jacket,253
boho,embroidered blouse,253
casual,sneakers,103
minimalist,white sneakers,188
sporty,sweat-wicking t-shirt,222
minimalist,simple jeans,126
formal,tailored suit,286
casual,sneakers,44
boho,beaded necklace,82
sporty,sweat-wicking t-shirt,179
formal,blazer,142
boho,patterned poncho,288
boho,embroidered blouse,212
minimalist,monochrome scarf,125
boho,maxi dress,296
sporty,athletic shorts,294
sporty,athletic shorts,255
boho,patterned poncho,20
formal,leather shoes,100
minimalist,gray t-shirt,251
sporty,sweat-wicking t-shirt,267
sporty,athletic shorts,114
casual,graphic tee,232
sporty,athletic shorts,287
minimalist,gray t-shirt,242
formal,leather shoes,66
boho,patterned poncho,194
boho,embroidered blouse,187
minimalist,black raincoat,270
minimalist,monochrome scarf,71
sporty,running shoes,107
formal,dress shirt,15
sporty,athletic shorts,149
minimalist,black raincoat,296
minimalist,simple jeans,57
minimalist,monochrome scarf,86
sporty,sports jacket,173
minimalist,gray t-shirt,132
sporty,sports cap,189
formal,dress shirt,298
formal,tailored suit,207
sporty,sports jacket,257
casual,chino pants,246
sporty,sports jacket,71
sporty,sports jacket,294
boho,fringe bag,233
minimalist,simple jeans,134
boho,maxi dress,26
formal,silk tie,52
minimalist,monochrome scarf,83
casual,graphic tee,174
minimalist,white sneakers,290
formal,dress shirt,215
casual,sneakers,235
minimalist,white sneakers,17
minimalist,gray t-shirt,265
sporty,sweat-wicking t-shirt,184
boho,patterned poncho,51
minimalist,monochrome scarf,81
minimalist,white sneakers,267
formal,leather shoes,64
formal,leather shoes,93
formal,dress shirt,132
casual,hoodie,54
minimalist,white sneakers,194
formal,tailored suit,101
sporty,athletic shorts,91
formal,blazer,33
casual,hoodie,229
formal,silk tie,115
minimalist,white sneakers,31
formal,tailored suit,69
sporty,sports cap,162
minimalist,monochrome scarf,56
formal,silk tie,195
sporty,sweat-wicking t-shirt,108
casual,graphic tee,255
formal,leather shoes,27
formal,silk tie,209
minimalist,white sneakers,66
minimalist,simple jeans,159
formal,silk tie,85
sporty,sports jacket,270
minimalist,simple jeans,67
boho,maxi dress,246
formal,leather shoes,253
minimalist,black raincoat,242
casual,graphic tee,214
casual,denim jacket,65
casual,denim jacket,284
minimalist,gray t-shirt,51
sporty,sweat-wicking t-shirt,215
boho,maxi dress,255
casual,denim jacket,133
boho,fringe bag,55
casual,hoodie,265
minimalist,gray t-shirt,260
casual,chino pants,217
casual,graphic tee,134
boho,maxi dress,107
boho,maxi dress,101
casual,sneakers,40
casual,sneakers,228
formal,tailored suit,270
formal,silk tie,107
minimalist,monochrome scarf,229
casual,graphic tee,272
casual,hoodie,12
formal,leather shoes,40
minimalist,monochrome scarf,248
boho,embroidered blouse,165
minimalist,gray t-shirt,263
boho,embroidered blouse,166
casual,denim jacket,215
minimalist,monochrome scarf,271
casual,chino pants,187
boho,patterned poncho,187
formal,dress shirt,154
minimalist,black raincoat,140
casual,chino pants,158
casual,chino pants,73
boho,embroidered blouse,247
formal,blazer,107
formal,dress shirt,103
casual,sneakers,284
minimalist,black raincoat,229
sporty,running shoes,261
boho,embroidered blouse,272
minimalist,black raincoat,99
formal,dress shirt,244
minimalist,monochrome scarf,17
formal,dress shirt,169
sporty,athletic shorts,125
sporty,sports cap,242
casual,graphic tee,156
minimalist,monochrome scarf,31
casual,graphic tee,111
boho,patterned poncho,30
minimalist,simple jeans,270
minimalist,black raincoat,96
formal,silk tie,270
boho,patterned poncho,94
formal,silk tie,13
casual,chino pants,17
formal,silk tie,147
formal,dress shirt,192
boho,patterned poncho,110
sporty,sports jacket,64
formal,tailored suit,192
casual,denim jacket,105
formal,blazer,60
formal,tailored suit,13
casual,graphic tee,217
casual,sneakers,280
casual,graphic tee,23
casual,chino pants,83
formal,dress shirt,274
boho,embroidered blouse,210
boho,fringe bag,36
formal,leather shoes,84
sporty,sweat-wicking t-shirt,38
formal,dress shirt,228
sporty,sweat-wicking t-shirt,189
casual,sneakers,172
boho,fringe bag,220
casual,chino pants,69
casual,hoodie,256
formal,tailored suit,256
formal,tailored suit,280
formal,leather shoes,34
casual,denim jacket,252
sporty,sports cap,20
formal,blazer,64
formal,leather shoes,177
casual,hoodie,195
casual,hoodie,122
formal,dress shirt,148
minimalist,white sneakers,138
sporty,sweat-wicking t-shirt,110
minimalist,black raincoat,10
boho,maxi dress,129
casual,denim jacket,24
formal,dress shirt,194
casual,sneakers,248
casual,chino pants,261
sporty,athletic shorts,73
boho,patterned poncho,171
casual,denim jacket,161
minimalist,gray t-shirt,235
formal,dress shirt,282
casual,denim jacket,221
casual,denim jacket,60
minimalist,gray t-shirt,159
boho,maxi dress,243
casual,sneakers,298
casual,chino pants,99
casual,sneakers,68
formal,leather shoes,134
formal,tailored suit,101
boho,beaded necklace,193
minimalist,gray t-shirt,86
casual,graphic tee,231
casual,sneakers,297
minimalist,black raincoat,170
minimalist,black raincoat,267
minimalist,white sneakers,283
boho,fringe bag,248
sporty,athletic shorts,35
sporty,athletic shorts,264
boho,fringe bag,166
formal,silk tie,279
boho,embroidered blouse,132
formal,silk tie,58
formal,dress shirt,256
minimalist,black raincoat,252
casual,graphic tee,95
sporty,sports cap,153
formal,blazer,285
minimalist,simple jeans,235
sporty,sports jacket,236
casual,graphic tee,132
boho,patterned poncho,152
minimalist,white sneakers,26
casual,chino pants,287
casual,graphic tee,186
minimalist,black raincoat,217
formal,leather shoes,246
minimalist,gray t-shirt,210
minimalist,black raincoat,213
sporty,sweat-wicking t-shirt,185
sporty,athletic shorts,217
formal,tailored suit,147
minimalist,simple jeans,99
minimalist,simple jeans,101
formal,tailored suit,46
boho,fringe bag,210
minimalist,white sneakers,256
formal,silk tie,247
sporty,sports cap,51
casual,chino pants,156
formal,tailored suit,85
boho,embroidered blouse,123
casual,denim jacket,91
minimalist,black raincoat,127
minimalist,black raincoat,298
boho,maxi dress,298
formal,blazer,298
sporty,running shoes,199
boho,fringe bag,185
formal,blazer,264
minimalist,black raincoat,250
casual,chino pants,95
casual,denim jacket,141
boho,maxi dress,93
minimalist,simple jeans,271
casual,denim jacket,161
minimalist,monochrome scarf,92
boho,fringe bag,113
minimalist,simple jeans,133
formal,silk tie,166
formal,silk tie,271
formal,silk tie,196
casual,denim jacket,276
formal,dress shirt,272
casual,graphic tee,259
casual,denim jacket,210
boho,embroidered blouse,211
casual,denim jacket,132
boho,fringe bag,129
casual,denim jacket,25
boho,maxi dress,148
minimalist,monochrome scarf,73
sporty,sports cap,51
sporty,sweat-wicking t-shirt,205
formal,silk tie,215
boho,embroidered blouse,191
minimalist,white sneakers,161
minimalist,black raincoat,143
casual,chino pants,236
casual,chino pants,256
sporty,athletic shorts,60
sporty,sweat-wicking t-shirt,243
casual,sneakers,183
sporty,sports jacket,191
casual,graphic tee,170
boho,patterned poncho,156
formal,dress shirt,200
sporty,sweat-wicking t-shirt,275
minimalist,white sneakers,244
minimalist,white sneakers,213
formal,silk tie,70
casual,hoodie,138
boho,fringe bag,297
sporty,running shoes,177
casual,denim jacket,102
sporty,sweat-wicking t-shirt,176
minimalist,black raincoat,288
boho,embroidered blouse,292
minimalist,simple jeans,240
casual,sneakers,299
sporty,running shoes,177
boho,beaded necklace,203
minimalist,monochrome scarf,169
minimalist,simple jeans,223
minimalist,monochrome scarf,132
sporty,sports cap,93
casual,denim jacket,135
boho,fringe bag,272
minimalist,gray t-shirt,19
formal,dress shirt,204
formal,leather shoes,250
casual,chino pants,147
formal,silk tie,18
minimalist,monochrome scarf,200
formal,dress shirt,53
formal,dress shirt,240
minimalist,black raincoat,92
casual,hoodie,13
boho,patterned poncho,263
minimalist,simple jeans,99
minimalist,gray t-shirt,115
sporty,sweat-wicking t-shirt,68
formal,dress shirt,265
minimalist,gray t-shirt,165
sporty,sports jacket,176
sporty,athletic shorts,277
boho,maxi dress,207
boho,fringe bag,137
